thefuck	6	thefuck/rules/git_branch_exists.py	1Y908U
thefuck	32	thefuck/rules/ls_lah.py	Q00V6T
thefuck	8	thefuck/rules/dnf_no_such_command.py	TJ9F81
thefuck	24	thefuck/types.py	Y3JFW6
thefuck	11	thefuck/rules/git_push.py	L2PC66
thefuck	3	thefuck/shells/fish.py	7V76IY
thefuck	9	thefuck/rules/git_push.py	STK8V0
thefuck	23	thefuck/utils.py	FHVZND
thefuck	19	thefuck/rules/git_push_force.py	KGFO0E
thefuck	14	thefuck/shells/fish.py	L3GCIH
thefuck	7	thefuck/rules/php_s.py	FB0C5C
thefuck	13	thefuck/rules/git_branch_exists.py	V0UPCO
thefuck	10	thefuck/rules/man.py	50GNG9
thefuck	25	thefuck/rules/mkdir_p.py	QMDBU5
thefuck	22	thefuck/types.py	6BTN5L
thefuck	15	thefuck/rules/git_add.py	NVW38A
thefuck	31	thefuck/rules/git_diff_staged.py	NCXXN2
thefuck	20	thefuck/rules/dirty_unzip.py	30HLNR
thefuck	29	thefuck/types.py	5Y754F
thefuck	12	thefuck/rules/no_command.py	MHZ7N8
thefuck	4	thefuck/shells/fish.py	RAOH04
thefuck	2	thefuck/utils.py	A6S4XW
thefuck	5	thefuck/rules/git_push.py	4AWJXY
thefuck	26	thefuck/rules/vagrant_up.py	N503D1
thefuck	28	thefuck/rules/fix_file.py	VSEZ8A
thefuck	27	thefuck/rules/open.py	LHFQ80
thefuck	18	thefuck/rules/sudo.py	FD8H1V
thefuck	21	thefuck/rules/git_fix_stash.py	ODVDKG
thefuck	1	thefuck/rules/pip_unknown_command.py	YFEASV
thefuck	30	thefuck/rules/fix_file.py	U6NR6H
spacy	6	spacy/language.py	DZVG8M
spacy	8	spacy/errors.py	K43C8L
spacy	3	bin/wiki_entity_linking/wikipedia_processor.py	SE2RVG
spacy	9	spacy/errors.py	GII59I
spacy	10	spacy/errors.py	0Z6NOI
spacy	4	spacy/cli/converters/conllu2json.py	3I66XJ
spacy	2	spacy/util.py	QWU184
spacy	5	spacy/language.py	ACMQFJ
spacy	1	spacy/errors.py	ZVDX6I
pandas	93	pandas/core/arrays/datetimelike.py	EH8WD6
pandas	6	pandas/core/groupby/grouper.py	36UTLH
pandas	32	pandas/io/sas/sas_xport.py	NKJWIU
pandas	148	pandas/core/apply.py	76S328
pandas	8	pandas/core/internals/blocks.py	DG01QJ
pandas	163	pandas/core/window.py	GXE80F
pandas	104	pandas/core/groupby/groupby.py	DVIID9
pandas	89	pandas/core/reshape/reshape.py	OOPGDG
pandas	157	pandas/core/reshape/merge.py	BRT6HH
pandas	139	pandas/core/groupby/grouper.py	SIIVUN
pandas	11	pandas/core/reshape/concat.py	FMVA8L
pandas	140	pandas/core/groupby/generic.py	G6EASI
pandas	154	pandas/core/groupby/groupby.py	9JWBNV
pandas	58	pandas/core/arrays/categorical.py	VOZMG0
pandas	115	pandas/core/missing.py	QJM96J
pandas	98	pandas/core/indexes/base.py	0EGT4U
pandas	3	pandas/core/series.py	D7MC3X
pandas	56	pandas/core/frame.py	OGCJTL
pandas	119	pandas/core/reshape/pivot.py	QZZFG4
pandas	118	pandas/core/reshape/melt.py	YM81AC
pandas	59	pandas/core/window/rolling.py	V3HXOW
pandas	145	pandas/core/ops/__init__.py	SS5KKO
pandas	130	pandas/core/groupby/ops.py	A8KTHV
pandas	169	pandas/core/frame.py	WE1QI2
pandas	36	pandas/core/dtypes/missing.py	E040U1
pandas	75	pandas/core/indexes/period.py	1XTRA8
pandas	91	pandas/core/indexes/timedeltas.py	EIYYGM
pandas	82	pandas/core/internals/concat.py	P5RDWZ
pandas	149	pandas/io/parquet.py	O18V4J
pandas	49	pandas/core/strings.py	N7LRZG
pandas	19	pandas/core/indexing.py	SPZHCM
pandas	131	pandas/core/indexes/accessors.py	5LKJY2
pandas	100	pandas/core/generic.py	AGRM6R
pandas	102	pandas/core/internals/construction.py	W140ZW
pandas	72	pandas/core/internals/blocks.py	02MZD9
pandas	117	pandas/core/dtypes/missing.py	SAQ8GJ
pandas	107	pandas/core/frame.py	HFRCD3
pandas	81	pandas/core/arrays/integer.py	PZAHQZ
pandas	7	pandas/core/indexes/base.py	PBQJCC
pandas	41	pandas/core/internals/blocks.py	2CL81F
pandas	13	pandas/core/dtypes/missing.py	N78M1C
pandas	151	pandas/core/arrays/numpy_.py	15J9OP
pandas	147	pandas/core/dtypes/dtypes.py	09E8J6
pandas	61	pandas/core/series.py	Z4JTKD
pandas	10	pandas/core/internals/blocks.py	K5Y2WU
pandas	67	pandas/core/internals/blocks.py	06LKGC
pandas	160	pandas/core/computation/expressions.py	PZF999
pandas	33	pandas/core/arrays/integer.py	871Q5G
pandas	76	pandas/io/json/_json.py	DQE6J7
pandas	164	pandas/core/tools/datetimes.py	VF20NP
pandas	88	pandas/core/reshape/pivot.py	1WTALV
pandas	126	pandas/core/frame.py	H7E4A6
pandas	128	pandas/io/json/_json.py	ZXCN71
pandas	63	pandas/core/indexing.py	3902IC
pandas	25	pandas/core/arrays/datetimes.py	I6FEIV
pandas	52	pandas/core/groupby/generic.py	VPC5I3
pandas	48	pandas/core/groupby/generic.py	QLL15S
pandas	60	pandas/core/window/rolling.py	2VTCPH
pandas	153	pandas/core/internals/blocks.py	F60TZ7
pandas	99	pandas/core/tools/datetimes.py	VAY0BA
pandas	45	pandas/core/construction.py	ANH427
pandas	156	pandas/core/sparse/frame.py	J4FRCR
pandas	16	pandas/core/indexes/datetimelike.py	F61AF6
pandas	35	pandas/core/indexes/period.py	IC66IL
pandas	77	pandas/core/ops/array_ops.py	5IZ9MF
pandas	135	pandas/core/groupby/ops.py	GM7V04
pandas	51	pandas/core/indexes/category.py	WGTKIV
pandas	31	pandas/core/groupby/groupby.py	PFOQ1F
pandas	86	pandas/core/reshape/pivot.py	5PJW0S
pandas	159	pandas/core/frame.py	LE5J0U
pandas	37	pandas/core/arrays/string_.py	69LN77
pandas	20	pandas/tseries/offsets.py	U3TZLF
pandas	124	pandas/core/strings.py	3B8RZ6
pandas	34	pandas/core/resample.py	87EEE7
pandas	69	pandas/core/indexing.py	KPCOUC
pandas	29	pandas/core/arrays/interval.py	IZ0Z29
pandas	38	pandas/core/reshape/reshape.py	2LV3KW
pandas	12	pandas/core/frame.py	0IUPOD
pandas	143	pandas/core/indexes/range.py	L7A9GM
pandas	64	pandas/io/formats/excel.py	EUNK43
pandas	129	pandas/core/arrays/datetimelike.py	G00P3G
pandas	4	pandas/core/indexes/base.py	JTDTY5
pandas	168	pandas/core/groupby/grouper.py	IYIZM2
pandas	96	pandas/tseries/offsets.py	ZYFQX3
pandas	136	pandas/core/reshape/merge.py	JD6RPZ
pandas	74	pandas/core/indexes/timedeltas.py	DLDPHA
pandas	78	pandas/core/frame.py	2XOWCB
pandas	50	pandas/core/arrays/categorical.py	HP6S54
pandas	95	pandas/core/arrays/period.py	KPAQH7
pandas	2	pandas/core/indexing.py	XNPACW
pandas	158	pandas/core/series.py	9CHRGC
pandas	42	pandas/_testing.py	PVVYIG
pandas	141	pandas/core/indexes/range.py	7YS3IC
pandas	162	pandas/core/reshape/pivot.py	VHPU0S
pandas	26	pandas/core/arrays/categorical.py	UMMKAD
pandas	94	pandas/core/indexes/datetimelike.py	2F4LXH
pandas	28	pandas/core/strings.py	VQBLNR
pandas	97	pandas/core/indexes/timedeltas.py	PI2IKA
pandas	40	pandas/core/reshape/merge.py	N49XQI
pandas	27	pandas/core/arrays/datetimes.py	OOOMXM
pandas	101	pandas/core/dtypes/cast.py	D9KQMW
pandas	109	pandas/core/arrays/categorical.py	BVAMSR
pandas	161	pandas/core/arrays/categorical.py	5SA1WE
pandas	39	pandas/core/ops/methods.py	U11S3D
pandas	21	pandas/core/series.py	BWOTX4
pandas	85	pandas/core/indexes/multi.py	L6H4WB
pandas	155	pandas/core/window/rolling.py	MI0JSH
pandas	1	pandas/core/dtypes/common.py	0QJXCR
pandas	71	pandas/core/reshape/tile.py	IHYWP2
pandas	133	pandas/core/generic.py	2AXL80
pandas	106	pandas/core/indexes/base.py	28NPEA
pandas	87	pandas/core/reshape/pivot.py	0UVH74
pandas	108	pandas/core/dtypes/cast.py	4FD3HN
pandas	150	pandas/core/dtypes/missing.py	R239I0
pandas	152	pandas/core/series.py	4B7YD9
pandas	144	pandas/plotting/_matplotlib/core.py	Y3K9XV
pandas	30	pandas/io/json/_json.py	Z38FXY
pandas	127	pandas/core/generic.py	58ZL3I
pandas	122	pandas/core/internals/managers.py	P1JLMJ
pandas	137	pandas/core/arrays/categorical.py	VSAKET
pandas	43	pandas/core/ops/__init__.py	DCA2RX
pandas	116	pandas/core/reshape/merge.py	FES61L
pandas	114	pandas/core/indexes/base.py	UQYVKT
pandas	166	pandas/core/frame.py	45MIXK
cookiecutter	3	cookiecutter/prompt.py	YN8R1Q
cookiecutter	2	cookiecutter/hooks.py	PE6J3E
cookiecutter	1	cookiecutter/generate.py	P360Y6
matplotlib	6	lib/matplotlib/axes/_axes.py	90X4UO
matplotlib	8	lib/matplotlib/axes/_base.py	XCMYY3
matplotlib	24	lib/matplotlib/axis.py	8Q07TQ
matplotlib	11	lib/matplotlib/text.py	N7PHQR
matplotlib	3	lib/matplotlib/markers.py	GNRNRM
matplotlib	17	lib/matplotlib/transforms.py	YX4UCE
matplotlib	9	lib/matplotlib/projections/polar.py	MZC483
matplotlib	23	lib/matplotlib/axes/_base.py	UI0A64
matplotlib	19	lib/matplotlib/projections/polar.py	CTCEZG
matplotlib	14	lib/matplotlib/text.py	S8JBJD
matplotlib	7	lib/matplotlib/colors.py	W3IYAD
matplotlib	13	lib/matplotlib/path.py	LYUISL
matplotlib	10	lib/matplotlib/axis.py	TJ5ZLB
matplotlib	25	lib/matplotlib/collections.py	BNEHR8
matplotlib	16	lib/matplotlib/transforms.py	O7EMYK
matplotlib	22	lib/matplotlib/axes/_axes.py	HNYUE1
matplotlib	29	lib/matplotlib/axis.py	W3P39A
matplotlib	12	lib/matplotlib/axes/_axes.py	LV1D1G
matplotlib	2	lib/matplotlib/axes/_axes.py	LV5Y16
matplotlib	5	lib/matplotlib/axes/_axes.py	J59VFR
matplotlib	26	lib/matplotlib/axis.py	HTO27I
matplotlib	28	lib/matplotlib/axes/_base.py	7H5XT8
matplotlib	27	lib/matplotlib/colorbar.py	SE312A
matplotlib	18	lib/matplotlib/projections/polar.py	VH3ETM
matplotlib	21	lib/matplotlib/axes/_axes.py	I2U70C
matplotlib	30	lib/matplotlib/colors.py	Q2XSYC
ansible	6	lib/ansible/galaxy/collection.py	LQA36J
ansible	8	lib/ansible/plugins/shell/powershell.py	0XC62Q
ansible	11	lib/ansible/modules/network/ios/ios_banner.py	EQE0SK
ansible	3	lib/ansible/module_utils/facts/system/distribution.py	ML406U
ansible	17	lib/ansible/module_utils/facts/hardware/linux.py	ZINFUS
ansible	9	lib/ansible/modules/packaging/os/redhat_subscription.py	B02GA2
ansible	14	lib/ansible/galaxy/api.py	A6XX53
ansible	7	lib/ansible/module_utils/network/eos/config/vlans/vlans.py	BXKAY1
ansible	10	lib/ansible/modules/system/pamd.py	EQDJC2
ansible	15	lib/ansible/modules/network/eos/eos_eapi.py	6SO7NP
ansible	12	lib/ansible/plugins/lookup/env.py	X3EFLJ
ansible	4	lib/ansible/playbook/collectionsearch.py	448B5P
ansible	2	lib/ansible/utils/version.py	1TEDS4
ansible	18	lib/ansible/cli/galaxy.py	50FUXH
ansible	1	lib/ansible/galaxy/collection.py	7CLURX
tornado	8	tornado/websocket.py	6GG5RI
tornado	11	tornado/http1connection.py	V76ZIB
tornado	3	tornado/httpclient.py	84GS6L
tornado	9	tornado/httputil.py	C6VZPA
tornado	14	tornado/ioloop.py	A9VYR4
tornado	7	tornado/ioloop.py	06B3CG
tornado	16	tornado/gen.py	J1OJSR
tornado	12	tornado/auth.py	FRL6UZ
tornado	4	tornado/web.py	T2YAUC
tornado	2	tornado/http1connection.py	BEU377
tornado	5	tornado/ioloop.py	Y8R7RS
tornado	1	tornado/websocket.py	F71MV6
tqdm	6	tqdm/_tqdm.py	RBBU7T
tqdm	8	tqdm/_tqdm.py	Q7YXXA
tqdm	3	tqdm/_tqdm.py	JI6ITL
tqdm	9	tqdm/_tqdm.py	KEWVQE
tqdm	7	tqdm/_main.py	CPK0QW
tqdm	4	tqdm/_tqdm.py	B4H5NN
tqdm	5	tqdm/_tqdm.py	BLLZAS
tqdm	1	tqdm/contrib/__init__.py	7MDOPO
black	8	black.py	4HD7XA
black	11	black.py	9681LY
black	3	black.py	AJ4PEH
black	17	black.py	1SZXIP
black	9	black.py	6MUSRE
black	19	black.py	FW4QO5
black	7	black.py	S50CFU
black	13	blib2to3/pgen2/tokenize.py	ISGWN7
black	10	blib2to3/pgen2/driver.py	K4KRID
black	16	black.py	IBIXIB
black	22	black.py	Y9ZRWM
black	15	black.py	0QT0QB
black	20	black.py	B15QDG
black	12	black.py	AA3FJ6
black	4	black.py	8LUGTE
black	2	black.py	KCEV2F
black	5	black.py	XQS4M4
black	18	black.py	6NP22P
black	21	black.py	Z3F5SR
black	1	black.py	Z8NMZG
luigi	6	luigi/parameter.py	XZ2Y0L
luigi	32	luigi/task_register.py	9AWN1I
luigi	8	luigi/contrib/redshift.py	ULORLW
luigi	24	luigi/contrib/spark.py	QSR4AC
luigi	11	luigi/scheduler.py	CW02B6
luigi	3	luigi/parameter.py	MO7L26
luigi	17	luigi/interface.py	33DIMQ
luigi	19	luigi/scheduler.py	RFA8YL
luigi	14	luigi/scheduler.py	LE8EZJ
luigi	7	luigi/scheduler.py	AWDOQ7
luigi	13	luigi/file.py	YFW2T9
luigi	10	luigi/scheduler.py	4PHV9N
luigi	33	luigi/task.py	RW3WOC
luigi	25	luigi/contrib/redshift.py	6LRX3O
luigi	16	luigi/scheduler.py	FN8H0X
luigi	22	luigi/scheduler.py	38QSQQ
luigi	15	luigi/scheduler.py	Z2V5L7
luigi	31	luigi/scheduler.py	ZVA2U7
luigi	20	luigi/task.py	BWT775
luigi	12	luigi/contrib/hdfs/clients.py	7LNID3
luigi	4	luigi/contrib/redshift.py	IKFEB8
luigi	2	luigi/contrib/beam_dataflow.py	RD0IIB
luigi	5	luigi/util.py	SU62BF
luigi	26	luigi/contrib/hadoop_jar.py	MCXPZZ
luigi	28	luigi/contrib/hive.py	OAB0FY
luigi	27	luigi/parameter.py	226XSU
luigi	18	luigi/scheduler.py	1T6D98
luigi	21	luigi/interface.py	GFS42R
luigi	1	luigi/server.py	59CY27
luigi	30	luigi/worker.py	4G8C0W
sanic	3	sanic/app.py	A33T7J
sanic	4	sanic/request.py	DXWIHO
sanic	2	sanic/server.py	JUENF5
sanic	5	sanic/log.py	UWJ3T4
sanic	1	sanic/app.py	NRV178
scrapy	6	scrapy/pipelines/images.py	4O6V30
scrapy	32	scrapy/crawler.py	Q0QF8H
scrapy	8	scrapy/item.py	LBZY77
scrapy	24	scrapy/core/downloader/handlers/http11.py	JIGBFA
scrapy	11	scrapy/utils/gz.py	NVMBXJ
scrapy	3	scrapy/downloadermiddlewares/redirect.py	RXZ5ZR
scrapy	17	scrapy/utils/response.py	CH135E
scrapy	9	scrapy/mail.py	2JORIJ
scrapy	36	scrapy/utils/misc.py	ILPTRD
scrapy	19	scrapy/http/cookies.py	39B8MA
scrapy	14	scrapy/utils/gz.py	H3DHKP
scrapy	7	scrapy/http/request/form.py	Y7X73K
scrapy	13	scrapy/pipelines/images.py	RSU54P
scrapy	10	scrapy/downloadermiddlewares/redirect.py	CPJYQN
scrapy	25	scrapy/http/request/form.py	H1QWMG
scrapy	16	scrapy/utils/url.py	2M5UMU
scrapy	22	scrapy/exporters.py	WILHWX
scrapy	35	scrapy/crawler.py	3TM5BW
scrapy	15	scrapy/utils/url.py	7W20F0
scrapy	31	scrapy/http/cookies.py	YFZD1E
scrapy	37	scrapy/http/request/__init__.py	J9HHNM
scrapy	20	scrapy/spiders/sitemap.py	BYCV7C
scrapy	34	scrapy/item.py	8O17FE
scrapy	29	scrapy/utils/request.py	M2EW6P
scrapy	38	scrapy/http/request/form.py	9BR6BV
scrapy	12	scrapy/selector/unified.py	FYN5ID
scrapy	4	scrapy/contracts/__init__.py	XNE1NS
scrapy	2	scrapy/utils/datatypes.py	8LCC0X
scrapy	5	scrapy/http/response/__init__.py	B2H7YN
scrapy	26	scrapy/settings/__init__.py	NO7N2W
scrapy	28	scrapy/dupefilters.py	7SF4PX
scrapy	40	scrapy/exporters.py	E0NO6Z
scrapy	27	scrapy/downloadermiddlewares/redirect.py	XX26HG
scrapy	18	scrapy/responsetypes.py	GB4ATL
scrapy	39	scrapy/spiders/__init__.py	XX3I7R
scrapy	21	scrapy/downloadermiddlewares/robotstxt.py	FC9J7X
scrapy	1	scrapy/spidermiddlewares/offsite.py	ZSQYPH
httpie	3	httpie/sessions.py	2SXD8P
httpie	4	httpie/models.py	A91F2J
httpie	5	httpie/cli.py	LUUW1W
httpie	1	httpie/downloads.py	CFSRHY
fastapi	6	fastapi/dependencies/utils.py	DIO108
fastapi	8	fastapi/routing.py	2JJH08
fastapi	11	fastapi/dependencies/utils.py	IUASUH
fastapi	3	fastapi/routing.py	PC190J
fastapi	9	fastapi/dependencies/utils.py	8X5VXY
fastapi	14	fastapi/openapi/models.py	7ERBUT
fastapi	7	fastapi/exception_handlers.py	C6CATP
fastapi	13	fastapi/routing.py	EWHH4G
fastapi	10	fastapi/routing.py	UBP94J
fastapi	16	fastapi/encoders.py	T26NV2
fastapi	15	fastapi/routing.py	ZJQ5K9
fastapi	12	fastapi/security/http.py	8MEWL1
fastapi	4	fastapi/openapi/utils.py	6PJS7T
fastapi	2	fastapi/routing.py	ZNEXL9
fastapi	5	fastapi/utils.py	LI4FYB
keras	6	keras/engine/training_utils.py	X4FFJT
keras	32	keras/callbacks.py	I6043Q
keras	8	keras/engine/network.py	5ZX2T4
keras	24	keras/callbacks.py	YY0EZM
keras	3	keras/models.py	851I6T
keras	17	keras/metrics.py	G0LE1I
keras	9	docs/autogen.py	739LJP
keras	36	keras/backend/tensorflow_backend.py	BE7VUW
keras	23	keras/engine/sequential.py	X7SSL3
keras	14	keras/metrics.py	8RDU8B
keras	7	keras/wrappers/scikit_learn.py	VAL2HD
keras	13	keras/engine/training_generator.py	BVHYBT
keras	10	keras/engine/training_utils.py	C8QE9Q
keras	33	keras/preprocessing/text.py	IZES6G
keras	25	keras/applications/imagenet_utils.py	WYLE5T
keras	45	keras/layers/recurrent.py	CNWAU8
keras	16	keras/engine/sequential.py	AGN5DY
keras	22	keras/engine/input_layer.py	TTTCMV
keras	35	keras/preprocessing/image.py	ND6H0P
keras	15	keras/callbacks.py	788R6U
keras	31	keras/backend/tensorflow_backend.py	M752AX
keras	29	keras/engine/training.py	YYH592
keras	38	keras/layers/recurrent.py	L67Z6O
keras	44	keras/layers/recurrent.py	1O4HN4
keras	4	keras/optimizers.py	KLQUUN
keras	2	keras/backend/numpy_backend.py	MWQ74O
keras	5	keras/utils/data_utils.py	QDDGLW
keras	26	keras/backend/tensorflow_backend.py	T4IT7S
keras	28	keras/preprocessing/sequence.py	NWANRH
keras	40	keras/layers/recurrent.py	DYFQ8Y
keras	27	keras/layers/wrappers.py	MTIUG7
keras	18	keras/backend/tensorflow_backend.py	0T6P04
keras	39	keras/utils/generic_utils.py	RIS7GW
keras	21	keras/callbacks.py	TYF014
keras	30	keras/engine/training.py	YDHQFY
keras	43	keras/utils/np_utils.py	CBKYOG
youtube-dl	6	youtube_dl/utils.py	KUYNXJ
youtube-dl	8	youtube_dl/YoutubeDL.py	6PS0KT
youtube-dl	24	youtube_dl/utils.py	7XUJ9K
youtube-dl	11	youtube_dl/utils.py	GHD020
youtube-dl	3	youtube_dl/utils.py	GRQYKW
youtube-dl	17	youtube_dl/utils.py	3UGYAH
youtube-dl	9	youtube_dl/YoutubeDL.py	5HVPV6
youtube-dl	36	youtube_dl/extractor/facebook.py	VVSSXF
youtube-dl	23	youtube_dl/utils.py	WC2LI1
youtube-dl	19	youtube_dl/YoutubeDL.py	EN4O1M
youtube-dl	14	youtube_dl/extractor/youtube.py	U93BZ2
youtube-dl	7	youtube_dl/utils.py	ZKLMVY
youtube-dl	41	youtube_dl/utils.py	E8N2DO
youtube-dl	13	youtube_dl/utils.py	K6BH1T
youtube-dl	10	youtube_dl/utils.py	9SDEKD
youtube-dl	25	youtube_dl/utils.py	AXLACI
youtube-dl	22	youtube_dl/utils.py	M8XSGJ
youtube-dl	15	youtube_dl/utils.py	R3W78V
youtube-dl	37	youtube_dl/utils.py	WMAQTP
youtube-dl	20	youtube_dl/utils.py	B6G707
youtube-dl	34	youtube_dl/utils.py	M1VX9H
youtube-dl	29	youtube_dl/utils.py	560DG2
youtube-dl	12	youtube_dl/YoutubeDL.py	0OSCXV
youtube-dl	4	youtube_dl/jsinterp.py	EF88JN
youtube-dl	2	youtube_dl/extractor/common.py	OZQCS1
youtube-dl	5	youtube_dl/utils.py	3FWLV8
youtube-dl	26	youtube_dl/utils.py	Z3NRG3
youtube-dl	28	youtube_dl/utils.py	WMT53M
youtube-dl	27	youtube_dl/utils.py	33BJB4
youtube-dl	18	youtube_dl/YoutubeDL.py	VA7QEF
youtube-dl	21	youtube_dl/utils.py	CSLTGA
youtube-dl	1	youtube_dl/utils.py	DDCRIJ
youtube-dl	30	youtube_dl/YoutubeDL.py	WEUJP2
youtube-dl	43	youtube_dl/utils.py	GQA421
PySnooper	3	pysnooper/pysnooper.py	FZVSN9
PySnooper	2	pysnooper/tracer.py	7II1ZO
